{
	"format_version": "1.8.0",
	"animations": {
		"birth": {
			"animation_length": 1,
			"bones": {
				"torso": {
					"rotation": {
						"0.0": {
							"vector": [-10, 0, 0]
						},
						"0.0417": [-8.96325, 0, 0],
						"0.0833": [-6.68988, 0, 0],
						"0.125": [-4.95724, 0, 0],
						"0.1667": [-3.67318, 0, 0],
						"0.2083": [-2.66702, 0, 0],
						"0.25": [-1.84871, 0, 0],
						"0.2917": [-1.16702, 0, 0],
						"0.625": [1.73191, 0, 0],
						"1.0": {
							"vector": [2.5, 0, 0]
						}
					},
					"position": {
						"vector": [0, 0, 0]
					}
				},
				"torso_bottom": {
					"rotation": {
						"vector": [2.5, 0, 0]
					}
				},
				"left_arm": {
					"rotation": {
						"0.0": {
							"vector": [-29.9055, 2.49762, 4.33287]
						},
						"0.0417": [-26.36231, 2.41576, 4.19092],
						"0.0833": [-18.22835, 2.28428, 3.96292],
						"0.125": [-11.84213, 2.13661, 3.70685],
						"0.1667": [-7.14122, 1.9803, 3.43579],
						"0.2083": [-3.48298, 1.81852, 3.15523],
						"0.25": [-0.52239, 1.65298, 2.86817],
						"0.2917": [1.93471, 1.48476, 2.57647],
						"0.3333": [4.00836, 1.31461, 2.28141],
						"0.375": [5.77792, 1.14306, 1.98391],
						"0.4167": [7.2985, 0.97053, 1.68474],
						"0.4583": [8.61104, 0.7974, 1.38449],
						"0.5": [9.74593, 0.62396, 1.08373],
						"0.5417": [10.72771, 0.45052, 0.78297],
						"0.5833": [11.57356, 0.27738, 0.48273],
						"0.625": [12.3004, 0.10486, 0.18356],
						"0.7917": [14.23704, -0.5706, -0.98776],
						"0.9583": [14.98283, -1.16784, -2.02345],
						"1.0": {
							"vector": [15.02362, -1.2497, -2.16541]
						}
					}
				},
				"right_arm": {
					"rotation": {
						"0.0": {
							"vector": [-32.10382, -5.35355, -8.45862]
						},
						"0.0417": [-26.10594, -5.2366, -8.27384],
						"0.0833": [-17.57049, -5.04876, -7.97705],
						"0.125": [-11.60008, -4.8378, -7.64374],
						"0.1667": [-7.11758, -4.61449, -7.29091],
						"0.2083": [-3.55514, -4.38336, -6.92571],
						"0.25": [-0.62845, -4.14686, -6.55205],
						"0.2917": [1.82786, -3.90655, -6.17236],
						"0.3333": [3.9167, -3.66346, -5.78828],
						"0.375": [5.70964, -3.41838, -5.40104],
						"0.4167": [7.25661, -3.1719, -5.01161],
						"0.4583": [8.59622, -2.92455, -4.6208],
						"0.5": [9.75563, -2.67677, -4.22931],
						"0.5417": [10.75766, -2.42899, -3.83782],
						"0.5833": [11.62152, -2.18164, -3.447],
						"0.625": [12.36167, -1.93517, -3.05757],
						"0.6667": [12.99041, -1.69008, -2.67033],
						"0.8333": [14.57899, -0.73905, -1.16771],
						"0.9583": [14.98622, -0.11695, -0.18478],
						"1.0": {
							"vector": [15, 0, 0]
						}
					}
				},
				"head": {
					"rotation": {
						"0.0": {
							"vector": [27.5, 0, 0]
						},
						"0.0417": [25.20227, 0, 0],
						"0.0833": [20.16842, 0, 0],
						"0.125": [16.33608, 0, 0],
						"0.1667": [13.49882, 0, 0],
						"0.2083": [11.27778, 0, 0],
						"0.25": [9.47322, 0, 0],
						"0.2917": [7.97154, 0, 0],
						"0.3333": [6.70189, 0, 0],
						"0.375": [5.61691, 0, 0],
						"0.4167": [4.68444, 0, 0],
						"0.4583": [3.87913, 0, 0],
						"0.6667": [1.24241, 0, 0],
						"0.9583": [0.01657, 0, 0],
						"1.0": {
							"vector": [0, 0, 0]
						}
					}
				},
				"right_wing": {
					"rotation": {
						"0.0": {
							"vector": [0, 25, 0]
						},
						"1.0": {
							"vector": [0, -5, 0]
						}
					}
				},
				"left_wing": {
					"rotation": {
						"0.0": {
							"vector": [0, -20, 0]
						},
						"0.0417": [0, -19.45388, 0],
						"0.0833": [0, -18.57671, 0],
						"0.625": [0, -4.03686, 0],
						"0.875": [0, 2.59159, 0],
						"0.9167": [0, 3.57671, 0],
						"0.9583": [0, 4.45388, 0],
						"1.0": {
							"vector": [0, 5, 0]
						}
					}
				}
			},
			"particle_effects": {
				"0.0": {
					"effect": "particles",
					"locator": "effects_locator"
				}
			}
		},
		"idle": {
			"loop": true,
			"animation_length": 2,
			"bones": {
				"torso": {
					"rotation": {
						"vector": [2.5, 0, 0]
					}
				},
				"left_arm": {
					"rotation": {
						"vector": [15, 0, 0]
					}
				},
				"right_arm": {
					"rotation": {
						"vector": [15, 0, 0]
					}
				},
				"right_wing": {
					"rotation": {
						"0.0": {
							"post": {
								"vector": [0, -5, 0]
							},
							"lerp_mode": "catmullrom"
						},
						"1.0": {
							"post": {
								"vector": [0, 12.5, 0]
							},
							"lerp_mode": "catmullrom"
						},
						"2.0": {
							"post": {
								"vector": [0, -5, 0]
							},
							"lerp_mode": "catmullrom"
						}
					}
				},
				"left_wing": {
					"rotation": {
						"0.0": {
							"post": {
								"vector": [0, 5, 0]
							},
							"lerp_mode": "catmullrom"
						},
						"1.0": {
							"post": {
								"vector": [0, -15, 0]
							},
							"lerp_mode": "catmullrom"
						},
						"2.0": {
							"post": {
								"vector": [0, 5, 0]
							},
							"lerp_mode": "catmullrom"
						}
					}
				}
			}
		}
	},
	"geckolib_format_version": 2
}